[
  {
    "id": "bb7538a9-9f86-4220-980a-a60b6c9b357d",
    "data": [
      {
        "text": "Is everything ok at my home?",
        "userDefined": false
      }
    ],
    "isTemplate": false,
    "count": 0,
    "updated": 1534201712
  },
  {
    "id": "30a693f1-08ea-4ab7-9b2b-d7cc012a5cba",
    "data": [
      {
        "text": "Is my home ok?",
        "userDefined": false
      }
    ],
    "isTemplate": false,
    "count": 0,
    "updated": 1534201712
  },
  {
    "id": "92f356f4-ffe5-47a3-9452-81d8174a67e4",
    "data": [
      {
        "text": "Is everything ok at my house?",
        "userDefined": false
      }
    ],
    "isTemplate": false,
    "count": 0,
    "updated": 1534201712
  },
  {
    "id": "d66d0120-9616-45f3-a93a-73de2c8d1e08",
    "data": [
      {
        "text": "Is everything ok?",
        "userDefined": false
      }
    ],
    "isTemplate": false,
    "count": 0,
    "updated": 1534201712
  },
  {
    "id": "fa2ec2c4-0667-4adc-b9eb-271600489938",
    "data": [
      {
        "text": "Do I have any alerts?",
        "userDefined": false
      }
    ],
    "isTemplate": false,
    "count": 0,
    "updated": 1534201712
  },
  {
    "id": "f9cc761d-3f25-4742-968a-edb6eb02ec7b",
    "data": [
      {
        "text": "Do I have any pending alerts?",
        "userDefined": false
      }
    ],
    "isTemplate": false,
    "count": 0,
    "updated": 1534201712
  }
]