[
  {
    "id": "05bad2f8-83cd-4a9b-85a5-4106dd17da3f",
    "data": [
      {
        "text": "What can I ask you?",
        "userDefined": false
      }
    ],
    "isTemplate": false,
    "count": 0,
    "updated": 1534375695
  },
  {
    "id": "c74c3cf6-f7f2-45ca-a17f-645a91c4c3b9",
    "data": [
      {
        "text": "What can you do?",
        "userDefined": false
      }
    ],
    "isTemplate": false,
    "count": 0,
    "updated": 1534375695
  },
  {
    "id": "d3b3f78a-770e-475b-b121-934c3df6aafd",
    "data": [
      {
        "text": "Help me",
        "userDefined": false
      }
    ],
    "isTemplate": false,
    "count": 0,
    "updated": 1534375695
  },
  {
    "id": "1f78780b-a2f6-4e2e-ad53-a040a167b606",
    "data": [
      {
        "text": "Help",
        "userDefined": false
      }
    ],
    "isTemplate": false,
    "count": 0,
    "updated": 1534375695
  }
]