[
  {
    "id": "efc04423-adee-480c-a934-1eebafc18380",
    "data": [
      {
        "text": "How much ",
        "userDefined": false
      },
      {
        "text": "water",
        "meta": "@sys.ignore",
        "userDefined": true
      },
      {
        "text": " have I used ",
        "userDefined": false
      },
      {
        "text": "today",
        "meta": "@sys.ignore",
        "userDefined": true
      },
      {
        "text": "?",
        "userDefined": false
      }
    ],
    "isTemplate": false,
    "count": 0,
    "updated": 1533853644
  },
  {
    "id": "383ae060-ce4d-44d0-8470-bb2ddc62ddf8",
    "data": [
      {
        "text": "How much ",
        "userDefined": false
      },
      {
        "text": "water",
        "meta": "@sys.ignore",
        "userDefined": true
      },
      {
        "text": " has my house used ",
        "userDefined": false
      },
      {
        "text": "today",
        "meta": "@sys.ignore",
        "userDefined": true
      },
      {
        "text": "?",
        "userDefined": false
      }
    ],
    "isTemplate": false,
    "count": 0,
    "updated": 1533853644
  },
  {
    "id": "317b977f-9c7e-4f8b-8714-f3cef3dcd5ae",
    "data": [
      {
        "text": "How much ",
        "userDefined": false
      },
      {
        "text": "water",
        "meta": "@sys.ignore",
        "userDefined": true
      },
      {
        "text": " did I use ",
        "userDefined": false
      },
      {
        "text": "today",
        "meta": "@sys.ignore",
        "userDefined": false
      },
      {
        "text": "?",
        "userDefined": false
      }
    ],
    "isTemplate": false,
    "count": 0,
    "updated": 1533853644
  },
  {
    "id": "f0a83b41-6447-43be-981a-448b0433bea1",
    "data": [
      {
        "text": "How much ",
        "userDefined": false
      },
      {
        "text": "water",
        "meta": "@sys.ignore",
        "userDefined": true
      },
      {
        "text": " has my home used ",
        "userDefined": false
      },
      {
        "text": "today",
        "meta": "@sys.ignore",
        "userDefined": true
      },
      {
        "text": "?",
        "userDefined": false
      }
    ],
    "isTemplate": false,
    "count": 0,
    "updated": 1533853644
  }
]