[
  {
    "id": "e9a09570-c3d4-4a24-a78b-24ca569e04e6",
    "data": [
      {
        "text": "How much ",
        "userDefined": false
      },
      {
        "text": "water",
        "meta": "@sys.ignore",
        "userDefined": false
      },
      {
        "text": " has my house used ",
        "userDefined": false
      },
      {
        "text": "this month",
        "meta": "@sys.ignore",
        "userDefined": false
      },
      {
        "text": "?",
        "userDefined": false
      }
    ],
    "isTemplate": false,
    "count": 0,
    "updated": 1534004674
  },
  {
    "id": "80aa7f41-bf5d-4762-af3a-950fe5a95894",
    "data": [
      {
        "text": "How much ",
        "userDefined": false
      },
      {
        "text": "water",
        "meta": "@sys.ignore",
        "userDefined": false
      },
      {
        "text": " has my home used ",
        "userDefined": false
      },
      {
        "text": "this month",
        "meta": "@sys.ignore",
        "userDefined": false
      },
      {
        "text": "?",
        "userDefined": false
      }
    ],
    "isTemplate": false,
    "count": 0,
    "updated": 1534004674
  },
  {
    "id": "bedc44fe-c005-48cf-8ca7-2aede479169b",
    "data": [
      {
        "text": "How much ",
        "userDefined": false
      },
      {
        "text": "water",
        "meta": "@sys.ignore",
        "userDefined": false
      },
      {
        "text": " did I use ",
        "userDefined": false
      },
      {
        "text": "this month",
        "meta": "@sys.ignore",
        "userDefined": false
      },
      {
        "text": "?",
        "userDefined": false
      }
    ],
    "isTemplate": false,
    "count": 0,
    "updated": 1534004674
  },
  {
    "id": "44902c63-4f35-4f5d-b4b8-66189a67a016",
    "data": [
      {
        "text": "How much ",
        "userDefined": false
      },
      {
        "text": "water",
        "meta": "@sys.ignore",
        "userDefined": false
      },
      {
        "text": " have I used ",
        "userDefined": false
      },
      {
        "text": "in the last month",
        "meta": "@sys.ignore",
        "userDefined": false
      },
      {
        "text": "?",
        "userDefined": false
      }
    ],
    "isTemplate": false,
    "count": 0,
    "updated": 1534004674
  }
]