[
  {
    "id": "7165ce0f-aae4-4768-83bd-6869121938c4",
    "data": [
      {
        "text": "How much ",
        "userDefined": false
      },
      {
        "text": "water",
        "meta": "@sys.ignore",
        "userDefined": false
      },
      {
        "text": " has my house used ",
        "userDefined": false
      },
      {
        "text": "this year",
        "meta": "@sys.ignore",
        "userDefined": false
      },
      {
        "text": "?",
        "userDefined": false
      }
    ],
    "isTemplate": false,
    "count": 0,
    "updated": 1534007591
  },
  {
    "id": "10d6314a-fe42-4f80-b0d1-18359dc51d08",
    "data": [
      {
        "text": "How much ",
        "userDefined": false
      },
      {
        "text": "water",
        "meta": "@sys.ignore",
        "userDefined": false
      },
      {
        "text": " has my home used ",
        "userDefined": false
      },
      {
        "text": "this year",
        "meta": "@sys.ignore",
        "userDefined": false
      },
      {
        "text": "?",
        "userDefined": false
      }
    ],
    "isTemplate": false,
    "count": 0,
    "updated": 1534007591
  },
  {
    "id": "495a0789-be2b-4163-8481-2331467df32d",
    "data": [
      {
        "text": "How much ",
        "userDefined": false
      },
      {
        "text": "water",
        "meta": "@sys.ignore",
        "userDefined": false
      },
      {
        "text": " did I use ",
        "userDefined": false
      },
      {
        "text": "this year",
        "meta": "@sys.ignore",
        "userDefined": false
      },
      {
        "text": "?",
        "userDefined": false
      }
    ],
    "isTemplate": false,
    "count": 0,
    "updated": 1534007591
  },
  {
    "id": "81467854-93b4-4035-b201-8e1387699057",
    "data": [
      {
        "text": "How much ",
        "userDefined": false
      },
      {
        "text": "water",
        "meta": "@sys.ignore",
        "userDefined": false
      },
      {
        "text": " have I used ",
        "userDefined": false
      },
      {
        "text": "this year",
        "meta": "@sys.ignore",
        "userDefined": false
      },
      {
        "text": "?",
        "userDefined": false
      }
    ],
    "isTemplate": false,
    "count": 0,
    "updated": 1534007591
  }
]