[
  {
    "id": "bf0e5161-2c97-45ca-a6f9-14c4756ac1d8",
    "data": [
      {
        "text": "How much ",
        "userDefined": false
      },
      {
        "text": "water",
        "meta": "@sys.ignore",
        "userDefined": false
      },
      {
        "text": " has my house used ",
        "userDefined": false
      },
      {
        "text": "this week",
        "meta": "@sys.ignore",
        "userDefined": false
      },
      {
        "text": "?",
        "userDefined": false
      }
    ],
    "isTemplate": false,
    "count": 0,
    "updated": 1533941410
  },
  {
    "id": "f4e24fc4-3e3f-46d8-8d75-450072e0cfd2",
    "data": [
      {
        "text": "How much ",
        "userDefined": false
      },
      {
        "text": "water",
        "meta": "@sys.ignore",
        "userDefined": false
      },
      {
        "text": " has my home used ",
        "userDefined": false
      },
      {
        "text": "this week",
        "meta": "@sys.ignore",
        "userDefined": false
      },
      {
        "text": "?",
        "userDefined": false
      }
    ],
    "isTemplate": false,
    "count": 0,
    "updated": 1533941410
  },
  {
    "id": "06a13d0c-019f-47b8-9ea2-d39c6cb64599",
    "data": [
      {
        "text": "How much ",
        "userDefined": false
      },
      {
        "text": "water",
        "meta": "@sys.ignore",
        "userDefined": false
      },
      {
        "text": " have I used ",
        "userDefined": false
      },
      {
        "text": "this week",
        "meta": "@sys.ignore",
        "userDefined": false
      },
      {
        "text": "?",
        "userDefined": false
      }
    ],
    "isTemplate": false,
    "count": 0,
    "updated": 1533941410
  },
  {
    "id": "d4a0fec9-c127-4d98-972b-0adb40aacad1",
    "data": [
      {
        "text": "How much water did I use this week?",
        "userDefined": false
      }
    ],
    "isTemplate": false,
    "count": 0,
    "updated": 1533941410
  }
]